Name,Load
BD Y1UspkabPHLqsY1s4s6H,123
BD Eok6UbJ1SwSDBmjBpJSd,89
BD UERUb3n9Z5tdOcThurHg,456
BD dOLw6xXnstGUfuj9BwtA,75
BD 8Bm7b4xTZvvhXvnnxk40,67
BD KcnwS7vhyVYH5qb9SsO9,100
BD FyHYAYVN8XcQ6kpeBGvE,89
BD nE0mEVfq2v84ZgXMfjN7,270
BD QvjZS58S3HjJu7A4T7Fr,678
BD tWFD9aiTzPJ48sw8BpAG,45
BD rA6GYQycV7OmwxC99WzU,75
BD 8Bm7b4xTZvvhXvnnxk40,55
BD Eok6UbJ1SwSDBmjBpJSd,58
BD FyHYAYVN8XcQ6kpeBGvE,75
BD KScFv3cRBUT6KX4HRdCM,55
BD KcnwS7vhyVYH5qb9SsO9,67
BD QvjZS58S3HjJu7A4T7Fr,545
BD UERUb3n9Z5tdOcThurHg,75
BD Y1UspkabPHLqsY1s4s6H,20
BD dOLw6xXnstGUfuj9BwtA,45
BD nE0mEVfq2v84ZgXMfjN7,45
BD rA6GYQycV7OmwxC99WzU,36
BD tWFD9aiTzPJ48sw8BpAG,67
